mp_id,formula,natom_prim,u2_0K_A2,u2_300K_A2,d_min_A,delta_nuc_300K,q300
149,Si,2,0.002498311566602412,0.006947750939096096,2.353238947834915,0.001254619941872685,0.35958565419264193
22862,NaCl,2,0.0047501659363921546,0.0203621165034959,2.79977964,0.0025976175866100977,0.23328448865208168
